{
  "content_hash": [
    254,
    161,
    243,
    19,
    235,
    124,
    138,
    48,
    162,
    165,
    10,
    0,
    97,
    137,
    162,
    72,
    206,
    44,
    72,
    146,
    157,
    229,
    254,
    111,
    19,
    112,
    206,
    71,
    132,
    65,
    139,
    57
  ],
  "original_hash": [
    136,
    114,
    174,
    5,
    193,
    179,
    184,
    248,
    177,
    76,
    226,
    172,
    70,
    178,
    198,
    168,
    140,
    171,
    14,
    82,
    34,
    247,
    15,
    6,
    12,
    241,
    48,
    72,
    42,
    229,
    10,
    109
  ],
  "artifact_type": 0,
  "threshold": 0.99508,
  "metadata_hash": [
    152,
    248,
    185,
    145,
    201,
    100,
    105,
    146,
    248,
    229,
    8,
    245,
    255,
    128,
    44,
    152,
    185,
    105,
    129,
    109,
    33,
    92,
    55,
    111,
    52,
    21,
    34,
    90,
    226,
    235,
    37,
    107
  ],
  "codec_id": 4,
  "group_size": 128,
  "bits_per_weight": 4,
  "architecture": 0,
  "cosine_claim": 0.99508,
  "ppl_delta_bps": 820,
  "artifact_cid": [
    9,
    141,
    172,
    132,
    181,
    242,
    201,
    70,
    41,
    50,
    121,
    180,
    160,
    61,
    115,
    161,
    173,
    244,
    181,
    209,
    248,
    198,
    67,
    173,
    121,
    254,
    116,
    158,
    214,
    123,
    104,
    235
  ]
}