{
  "receipt_id": "hxq-awq-demo-20260520T025454Z",
  "codec": "awq",
  "codec_id": 5,
  "codec_full": "AWQ int4 (Lin et al., MLSys 2024)",
  "original_shape": [
    768,
    768
  ],
  "total_elements": 589824,
  "original_hash": "a1a9886bfc6681ef247e3e5f514e5fea7771137e4870929470344ae8c9210d75",
  "content_hash": "2f25433ef6c07474e0612b0bbd148c493de422af36e31431997b0b036bfff2a8",
  "metadata_hash": "49f4cd573469eecb7045cc7b572702087031bfd337c095a0d6b40a855aab04ad",
  "cosine_similarity": 0.9950446486473083,
  "gate_threshold": 0.995,
  "gate_pass": true,
  "original_size_bytes": 2359296,
  "compressed_size_bytes": 331786,
  "compression_ratio": 7.11,
  "register_params": {
    "content_hash": [
      47,
      37,
      67,
      62,
      246,
      192,
      116,
      116,
      224,
      97,
      43,
      11,
      189,
      20,
      140,
      73,
      61,
      228,
      34,
      175,
      54,
      227,
      20,
      49,
      153,
      123,
      11,
      3,
      107,
      255,
      242,
      168
    ],
    "original_hash": [
      161,
      169,
      136,
      107,
      252,
      102,
      129,
      239,
      36,
      126,
      62,
      95,
      81,
      78,
      95,
      234,
      119,
      113,
      19,
      126,
      72,
      112,
      146,
      148,
      112,
      52,
      74,
      232,
      201,
      33,
      13,
      117
    ],
    "artifact_type": 0,
    "threshold": 0.995045,
    "metadata_hash": [
      73,
      244,
      205,
      87,
      52,
      105,
      238,
      203,
      112,
      69,
      204,
      123,
      87,
      39,
      2,
      8,
      112,
      49,
      191,
      211,
      55,
      192,
      149,
      160,
      214,
      180,
      10,
      133,
      90,
      171,
      4,
      173
    ],
    "codec_id": 5,
    "group_size": 128,
    "bits_per_weight": 4,
    "architecture": 0,
    "cosine_claim": 0.995045,
    "ppl_delta_bps": 1110,
    "artifact_cid": [
      53,
      44,
      218,
      186,
      143,
      69,
      135,
      62,
      62,
      123,
      168,
      195,
      178,
      224,
      122,
      120,
      153,
      97,
      168,
      118,
      211,
      211,
      140,
      247,
      64,
      87,
      87,
      217,
      59,
      163,
      117,
      46
    ]
  },
  "cost": {
    "wall_time_s": 0.277,
    "cpu_time_s": 0.673,
    "peak_memory_mb": 48.7,
    "python_version": "3.10.12",
    "hostname": "Echo",
    "timestamp_start": "2026-05-20T02:54:54",
    "timestamp_end": "2026-05-20T02:54:54"
  }
}