{
  "receipt_id": "hxq-e2e-artifact-20260518T233111Z",
  "original_hash": "c57cbbc281b132d8a640dbd1759c0a8105d699af6942898843cff1cb06b5ed42",
  "content_hash": "719962dac1d49284ab83f722d294f318cedbe9a03d2b6b0a76aa9462dbc46045",
  "metadata_hash": "156a4e1b24b7b37c9e8c76e9c7aeb21b18cb98f70dea2cca41824a642d04ae78",
  "artifact_cid": "40d64dd71fd3db65756c7fbb28d4501ea4fc129d051e64086cc89cc86dd0d6ea",
  "cosine_similarity": 0.9997231960296631,
  "gate_pass": true,
  "codec": "affine6",
  "group_size": 128,
  "bits_per_weight": 6,
  "original_size_bytes": 16384,
  "compressed_size_bytes": 3338,
  "compression_ratio": 4.91,
  "register_params": {
    "content_hash": [
      113,
      153,
      98,
      218,
      193,
      212,
      146,
      132,
      171,
      131,
      247,
      34,
      210,
      148,
      243,
      24,
      206,
      219,
      233,
      160,
      61,
      43,
      107,
      10,
      118,
      170,
      148,
      98,
      219,
      196,
      96,
      69
    ],
    "original_hash": [
      197,
      124,
      187,
      194,
      129,
      177,
      50,
      216,
      166,
      64,
      219,
      209,
      117,
      156,
      10,
      129,
      5,
      214,
      153,
      175,
      105,
      66,
      137,
      136,
      67,
      207,
      241,
      203,
      6,
      181,
      237,
      66
    ],
    "artifact_type": 0,
    "threshold": 0.998,
    "metadata_hash": [
      21,
      106,
      78,
      27,
      36,
      183,
      179,
      124,
      158,
      140,
      118,
      233,
      199,
      174,
      178,
      27,
      24,
      203,
      152,
      247,
      13,
      234,
      44,
      202,
      65,
      130,
      74,
      100,
      45,
      4,
      174,
      120
    ],
    "codec_id": 0,
    "group_size": 128,
    "bits_per_weight": 6,
    "architecture": 0,
    "cosine_claim": 0.999723,
    "ppl_delta_bps": 0,
    "artifact_cid": [
      64,
      214,
      77,
      215,
      31,
      211,
      219,
      101,
      117,
      108,
      127,
      187,
      40,
      212,
      80,
      30,
      164,
      252,
      18,
      157,
      5,
      30,
      100,
      8,
      108,
      200,
      156,
      200,
      109,
      208,
      214,
      234
    ]
  },
  "cost": {
    "wall_time_s": 0.007,
    "cpu_time_s": 0.056,
    "peak_memory_mb": 33.2,
    "python_version": "3.10.12",
    "hostname": "Echo",
    "timestamp_start": "2026-05-18T23:31:11",
    "timestamp_end": "2026-05-18T23:31:11"
  }
}