{
  "receipt_id": "hxq-gptq-demo-20260520T025454Z",
  "codec": "gptq",
  "codec_id": 4,
  "codec_full": "GPTQ int4 (Frantar et al., ICLR 2023)",
  "original_shape": [
    768,
    768
  ],
  "total_elements": 589824,
  "original_hash": "8872ae05c1b3b8f8b14ce2ac46b2c6a88cab0e5222f70f060cf130482ae50a6d",
  "content_hash": "fea1f313eb7c8a30a2a50a006189a248ce2c48929de5fe6f1370ce4784418b39",
  "metadata_hash": "98f8b991c9646992f8e508f5ff802c98b969816d215c376f3415225ae2eb256b",
  "cosine_similarity": 0.9950798153877258,
  "gate_threshold": 0.995,
  "gate_pass": true,
  "original_size_bytes": 2359296,
  "compressed_size_bytes": 331786,
  "compression_ratio": 7.11,
  "register_params": {
    "content_hash": [
      254,
      161,
      243,
      19,
      235,
      124,
      138,
      48,
      162,
      165,
      10,
      0,
      97,
      137,
      162,
      72,
      206,
      44,
      72,
      146,
      157,
      229,
      254,
      111,
      19,
      112,
      206,
      71,
      132,
      65,
      139,
      57
    ],
    "original_hash": [
      136,
      114,
      174,
      5,
      193,
      179,
      184,
      248,
      177,
      76,
      226,
      172,
      70,
      178,
      198,
      168,
      140,
      171,
      14,
      82,
      34,
      247,
      15,
      6,
      12,
      241,
      48,
      72,
      42,
      229,
      10,
      109
    ],
    "artifact_type": 0,
    "threshold": 0.99508,
    "metadata_hash": [
      152,
      248,
      185,
      145,
      201,
      100,
      105,
      146,
      248,
      229,
      8,
      245,
      255,
      128,
      44,
      152,
      185,
      105,
      129,
      109,
      33,
      92,
      55,
      111,
      52,
      21,
      34,
      90,
      226,
      235,
      37,
      107
    ],
    "codec_id": 4,
    "group_size": 128,
    "bits_per_weight": 4,
    "architecture": 0,
    "cosine_claim": 0.99508,
    "ppl_delta_bps": 820,
    "artifact_cid": [
      9,
      141,
      172,
      132,
      181,
      242,
      201,
      70,
      41,
      50,
      121,
      180,
      160,
      61,
      115,
      161,
      173,
      244,
      181,
      209,
      248,
      198,
      67,
      173,
      121,
      254,
      116,
      158,
      214,
      123,
      104,
      235
    ]
  },
  "cost": {
    "wall_time_s": 0.28,
    "cpu_time_s": 0.681,
    "peak_memory_mb": 48.7,
    "python_version": "3.10.12",
    "hostname": "Echo",
    "timestamp_start": "2026-05-20T02:54:53",
    "timestamp_end": "2026-05-20T02:54:54"
  }
}