{
  "receipt_id": "hxq-non-ai-climate-20260520T021733Z",
  "domain": "scientific_compute",
  "sub_domain": "climate_model",
  "original_shape": [
    360,
    720
  ],
  "total_elements": 259200,
  "original_hash": "94956986f750ecca0daf2b534991a8aea36e8d24c2a306dbe6fbeb3a152fb151",
  "content_hash": "8e9d3be1dd0156bc640952819d44bac424a092bc8ac2f7f8721db62a1e574e0b",
  "metadata_hash": "8f85169e549ebf2cc77f2d39da820bee2f439bfca0192ee15f6ad02502fb1d4c",
  "artifact_cid": "14c5ae67cf119a21dd4cd127ad6bb3e9c6cdc6e4748a04e9db17ab806eb9bc4b",
  "cosine_similarity": 0.9999975562095642,
  "gate_pass": true,
  "original_size_bytes": 1036800,
  "compressed_size_bytes": 210610,
  "compression_ratio": 4.92,
  "register_params": {
    "content_hash": [
      142,
      157,
      59,
      225,
      221,
      1,
      86,
      188,
      100,
      9,
      82,
      129,
      157,
      68,
      186,
      196,
      36,
      160,
      146,
      188,
      138,
      194,
      247,
      248,
      114,
      29,
      182,
      42,
      30,
      87,
      78,
      11
    ],
    "original_hash": [
      148,
      149,
      105,
      134,
      247,
      80,
      236,
      202,
      13,
      175,
      43,
      83,
      73,
      145,
      168,
      174,
      163,
      110,
      141,
      36,
      194,
      163,
      6,
      219,
      230,
      251,
      235,
      58,
      21,
      47,
      177,
      81
    ],
    "artifact_type": 3,
    "threshold": 0.999998,
    "metadata_hash": [
      143,
      133,
      22,
      158,
      84,
      158,
      191,
      44,
      199,
      127,
      45,
      57,
      218,
      130,
      11,
      238,
      47,
      67,
      155,
      252,
      160,
      25,
      46,
      225,
      95,
      106,
      208,
      37,
      2,
      251,
      29,
      76
    ],
    "codec_id": 0,
    "group_size": 128,
    "bits_per_weight": 6,
    "architecture": 0,
    "cosine_claim": 0.999998,
    "ppl_delta_bps": 0,
    "artifact_cid": [
      20,
      197,
      174,
      103,
      207,
      17,
      154,
      33,
      221,
      76,
      209,
      39,
      173,
      107,
      179,
      233,
      198,
      205,
      198,
      228,
      116,
      138,
      4,
      233,
      219,
      23,
      171,
      128,
      110,
      185,
      188,
      75
    ]
  },
  "cost": {
    "wall_time_s": 0.159,
    "cpu_time_s": 0.537,
    "peak_memory_mb": 40.2,
    "python_version": "3.10.12",
    "hostname": "Echo",
    "timestamp_start": "2026-05-20T02:17:33",
    "timestamp_end": "2026-05-20T02:17:33"
  }
}