{
  "receipt_id": "hxq-real-sbert-layer-20260519T003559Z",
  "model": "all-MiniLM-L6-v2",
  "layer": "embeddings.word_embeddings.weight",
  "shape": [
    30522,
    384
  ],
  "total_elements": 11720448,
  "original_hash": "352d34a4ad725bb742f36fc3f2a2dcfa7f07317926128d47c362198125003892",
  "content_hash": "0e8dcc8dafcc263d4240c04c64c2870572b9226c3b45f7b669e18461af215093",
  "metadata_hash": "0d1e0d7c240bdf68367e238a3d89fdddc50e9a5b4778e7b01a283d8b91a58e86",
  "original_size_bytes": 46881792,
  "compressed_size_bytes": 9522874,
  "compression_ratio": 4.92,
  "cosine_similarity": 0.99972,
  "mse": 1.749232751535601e-06,
  "max_absolute_error": 0.008838534355163574,
  "gate_pass": true,
  "functional_verification": {
    "test_sentences": 5,
    "mean_sentence_cosine": 0.999888,
    "min_sentence_cosine": 0.999833,
    "all_above_099": true
  },
  "register_params": {
    "content_hash": [
      14,
      141,
      204,
      141,
      175,
      204,
      38,
      61,
      66,
      64,
      192,
      76,
      100,
      194,
      135,
      5,
      114,
      185,
      34,
      108,
      59,
      69,
      247,
      182,
      105,
      225,
      132,
      97,
      175,
      33,
      80,
      147
    ],
    "original_hash": [
      53,
      45,
      52,
      164,
      173,
      114,
      91,
      183,
      66,
      243,
      111,
      195,
      242,
      162,
      220,
      250,
      127,
      7,
      49,
      121,
      38,
      18,
      141,
      71,
      195,
      98,
      25,
      129,
      37,
      0,
      56,
      146
    ],
    "artifact_type": 0,
    "threshold": 0.998,
    "metadata_hash": [
      13,
      30,
      13,
      124,
      36,
      11,
      223,
      104,
      54,
      126,
      35,
      138,
      61,
      137,
      253,
      221,
      197,
      14,
      154,
      91,
      71,
      120,
      231,
      176,
      26,
      40,
      61,
      139,
      145,
      165,
      142,
      134
    ],
    "codec_id": 0,
    "group_size": 128,
    "bits_per_weight": 6,
    "architecture": 0,
    "cosine_claim": 0.99972,
    "ppl_delta_bps": 0,
    "artifact_cid": [
      30,
      93,
      50,
      66,
      54,
      9,
      215,
      108,
      1,
      218,
      92,
      8,
      115,
      121,
      159,
      80,
      82,
      235,
      147,
      47,
      82,
      15,
      162,
      211,
      232,
      19,
      83,
      150,
      159,
      246,
      209,
      148
    ]
  },
  "cost": {
    "wall_time_s": 11.343,
    "cpu_time_s": 9.399,
    "peak_memory_mb": 1383.0,
    "python_version": "3.10.12",
    "hostname": "Echo",
    "timestamp_start": "2026-05-19T00:35:48",
    "timestamp_end": "2026-05-19T00:35:59"
  }
}