{
  "content_hash": [
    47,
    37,
    67,
    62,
    246,
    192,
    116,
    116,
    224,
    97,
    43,
    11,
    189,
    20,
    140,
    73,
    61,
    228,
    34,
    175,
    54,
    227,
    20,
    49,
    153,
    123,
    11,
    3,
    107,
    255,
    242,
    168
  ],
  "original_hash": [
    161,
    169,
    136,
    107,
    252,
    102,
    129,
    239,
    36,
    126,
    62,
    95,
    81,
    78,
    95,
    234,
    119,
    113,
    19,
    126,
    72,
    112,
    146,
    148,
    112,
    52,
    74,
    232,
    201,
    33,
    13,
    117
  ],
  "artifact_type": 0,
  "threshold": 0.995045,
  "metadata_hash": [
    73,
    244,
    205,
    87,
    52,
    105,
    238,
    203,
    112,
    69,
    204,
    123,
    87,
    39,
    2,
    8,
    112,
    49,
    191,
    211,
    55,
    192,
    149,
    160,
    214,
    180,
    10,
    133,
    90,
    171,
    4,
    173
  ],
  "codec_id": 5,
  "group_size": 128,
  "bits_per_weight": 4,
  "architecture": 0,
  "cosine_claim": 0.995045,
  "ppl_delta_bps": 1110,
  "artifact_cid": [
    53,
    44,
    218,
    186,
    143,
    69,
    135,
    62,
    62,
    123,
    168,
    195,
    178,
    224,
    122,
    120,
    153,
    97,
    168,
    118,
    211,
    211,
    140,
    247,
    64,
    87,
    87,
    217,
    59,
    163,
    117,
    46
  ]
}