{
  "content_hash": [
    142,
    157,
    59,
    225,
    221,
    1,
    86,
    188,
    100,
    9,
    82,
    129,
    157,
    68,
    186,
    196,
    36,
    160,
    146,
    188,
    138,
    194,
    247,
    248,
    114,
    29,
    182,
    42,
    30,
    87,
    78,
    11
  ],
  "original_hash": [
    148,
    149,
    105,
    134,
    247,
    80,
    236,
    202,
    13,
    175,
    43,
    83,
    73,
    145,
    168,
    174,
    163,
    110,
    141,
    36,
    194,
    163,
    6,
    219,
    230,
    251,
    235,
    58,
    21,
    47,
    177,
    81
  ],
  "artifact_type": 3,
  "threshold": 0.999998,
  "metadata_hash": [
    9,
    42,
    127,
    66,
    67,
    165,
    194,
    152,
    116,
    232,
    176,
    109,
    52,
    25,
    218,
    107,
    47,
    71,
    218,
    252,
    98,
    243,
    99,
    60,
    25,
    222,
    135,
    42,
    175,
    211,
    21,
    30
  ],
  "codec_id": 0,
  "group_size": 128,
  "bits_per_weight": 6,
  "architecture": 0,
  "cosine_claim": 0.999998,
  "ppl_delta_bps": 0,
  "artifact_cid": [
    208,
    229,
    66,
    219,
    3,
    225,
    230,
    101,
    42,
    157,
    121,
    221,
    103,
    237,
    228,
    171,
    154,
    33,
    52,
    62,
    231,
    95,
    160,
    234,
    234,
    226,
    75,
    168,
    51,
    249,
    207,
    207
  ]
}