{
  "content_hash": [
    142,
    157,
    59,
    225,
    221,
    1,
    86,
    188,
    100,
    9,
    82,
    129,
    157,
    68,
    186,
    196,
    36,
    160,
    146,
    188,
    138,
    194,
    247,
    248,
    114,
    29,
    182,
    42,
    30,
    87,
    78,
    11
  ],
  "original_hash": [
    148,
    149,
    105,
    134,
    247,
    80,
    236,
    202,
    13,
    175,
    43,
    83,
    73,
    145,
    168,
    174,
    163,
    110,
    141,
    36,
    194,
    163,
    6,
    219,
    230,
    251,
    235,
    58,
    21,
    47,
    177,
    81
  ],
  "artifact_type": 3,
  "threshold": 0.999998,
  "metadata_hash": [
    143,
    133,
    22,
    158,
    84,
    158,
    191,
    44,
    199,
    127,
    45,
    57,
    218,
    130,
    11,
    238,
    47,
    67,
    155,
    252,
    160,
    25,
    46,
    225,
    95,
    106,
    208,
    37,
    2,
    251,
    29,
    76
  ],
  "codec_id": 0,
  "group_size": 128,
  "bits_per_weight": 6,
  "architecture": 0,
  "cosine_claim": 0.999998,
  "ppl_delta_bps": 0,
  "artifact_cid": [
    20,
    197,
    174,
    103,
    207,
    17,
    154,
    33,
    221,
    76,
    209,
    39,
    173,
    107,
    179,
    233,
    198,
    205,
    198,
    228,
    116,
    138,
    4,
    233,
    219,
    23,
    171,
    128,
    110,
    185,
    188,
    75
  ]
}